{
    "uuid": "6dc7ccc5-f485-43e5-be62-43957eed0a14",
    "fname": "shaami.txt",
    "errors": [
        "This is a sample error text!"
    ],
    "payload": [
        {
            "employeeCode": "90040",
            "action": "change",
            "data": {
                "person.hire_date": "2022-01-01",
                "person.full_name": "shaami",
                "person.gender": "female",
                "person.termination_date": "2022-01-01"
            },
            "payComponents": [
                {
                    "amount": 1000.0,
                    "currency": "PKR",
                    "startDate": "2022-01-01",
                    "endDate": "2022-01-01"
                }
            ]
        }
    ]
}